frame,time_s,type,stable_id,class,detail
1,0.03,small_object,7,car,"box 20x18px, conf 0.74"
1,0.03,small_object,8,car,"box 20x14px, conf 0.71"
1,0.03,small_object,9,car,"box 27x25px, conf 0.70"
1,0.03,small_object,10,car,"box 24x18px, conf 0.67"
1,0.03,small_object,11,car,"box 17x16px, conf 0.64"
1,0.03,small_object,12,car,"box 14x10px, conf 0.55"
1,0.03,small_object,13,car,"box 22x16px, conf 0.54"
1,0.03,small_object,14,car,"box 16x14px, conf 0.52"
1,0.03,small_object,16,car,"box 16x12px, conf 0.48"
1,0.03,small_object,17,car,"box 16x13px, conf 0.46"
4,0.13,small_object,5,car,"box 36x28px, conf 0.83"
6,0.2,small_object,19,car,"box 17x58px, conf 0.70"
8,0.27,id_recovered,19,car,"raw 19 -> 20, mất 1 frame"
13,0.43,small_object,20,car,"box 13x11px, conf 0.49"
19,0.63,small_object,22,car,"box 12x9px, conf 0.49"
26,0.87,id_recovered,21,car,"raw 22 -> 24, mất 1 frame"
26,0.87,id_recovered,12,car,"raw 12 -> 25, mất 7 frame"
26,0.87,occlusion,12&17,,IoU 0.59
58,1.93,small_object,24,car,"box 17x55px, conf 0.73"
60,2.0,small_object,2,car,"box 34x30px, conf 0.81"
61,2.03,id_recovered,24,car,"raw 19 -> 28, mất 1 frame"
63,2.1,small_object,15,truck,"box 34x30px, conf 0.48"
63,2.1,id_recovered,20,car,"raw 21 -> 29, mất 10 frame"
63,2.1,id_recovered,22,car,"raw 23 -> 30, mất 27 frame"
77,2.57,id_recovered,22,car,"raw 30 -> 32, mất 9 frame"
84,2.8,id_recovered,17,car,"raw 17 -> 35, mất 42 frame"
86,2.87,id_recovered,25,car,"raw 31 -> 36, mất 1 frame"
98,3.27,id_recovered,17,car,"raw 35 -> 38, mất 12 frame"
98,3.27,id_recovered,14,car,"raw 14 -> 39, mất 10 frame"
104,3.47,id_recovered,16,car,"raw 16 -> 41, mất 52 frame"
110,3.67,small_object,1,car,"box 39x26px, conf 0.81"
118,3.93,small_object,3,car,"box 35x29px, conf 0.80"
143,4.77,id_recovered,27,car,"raw 42 -> 43, mất 1 frame"
144,4.8,id_recovered,10,car,"raw 10 -> 44, mất 46 frame"
145,4.83,small_object,6,bus,"box 33x30px, conf 0.66"
157,5.23,small_object,18,car,"box 39x26px, conf 0.78"
165,5.5,id_recovered,20,car,"raw 29 -> 48, mất 1 frame"
170,5.67,small_object,21,car,"box 36x28px, conf 0.84"
177,5.9,small_object,30,car,"box 16x14px, conf 0.43"
178,5.93,small_object,4,truck,"box 32x31px, conf 0.77"
181,6.03,id_recovered,5,car,"raw 5 -> 53, mất 13 frame"
186,6.2,id_recovered,30,car,"raw 52 -> 55, mất 7 frame"
189,6.3,id_recovered,29,car,"raw 50 -> 56, mất 1 frame"
198,6.6,small_object,23,car,"box 39x26px, conf 0.76"
201,6.7,small_object,31,car,"box 19x51px, conf 0.54"
212,7.07,small_object,25,car,"box 36x29px, conf 0.81"
229,7.63,id_recovered,5,car,"raw 53 -> 60, mất 45 frame"
270,9.0,small_object,26,car,"box 36x29px, conf 0.84"
284,9.47,id_recovered,5,car,"raw 60 -> 66, mất 8 frame"
301,10.03,id_recovered,18,car,"raw 18 -> 69, mất 1 frame"
309,10.3,id_recovered,18,car,"raw 69 -> 70, mất 1 frame"
315,10.5,id_recovered,2,car,"raw 2 -> 72, mất 17 frame"
320,10.67,small_object,27,car,"box 35x29px, conf 0.70"
320,10.67,id_recovered,35,car,"raw 71 -> 73, mất 1 frame"
337,11.23,small_object,29,car,"box 38x27px, conf 0.83"
337,11.23,id_recovered,21,car,"raw 24 -> 75, mất 19 frame"
337,11.23,occlusion,21&25,,IoU 0.52
342,11.4,occlusion,21&25,,IoU 0.61
343,11.43,id_recovered,18,car,"raw 70 -> 76, mất 11 frame"
353,11.77,small_object,28,car,"box 36x28px, conf 0.80"
366,12.2,occlusion,21&25,,IoU 0.64
373,12.43,id_recovered,2,car,"raw 72 -> 79, mất 14 frame"
375,12.5,id_recovered,3,car,"raw 3 -> 80, mất 51 frame"
377,12.57,id_recovered,36,car,"raw 77 -> 81, mất 1 frame"
377,12.57,id_recovered,4,truck,"raw 4 -> 82, mất 27 frame"
378,12.6,id_recovered,18,car,"raw 76 -> 84, mất 16 frame"
381,12.7,id_recovered,37,car,"raw 83 -> 87, mất 1 frame"
381,12.7,id_recovered,25,car,"raw 36 -> 88, mất 12 frame"
382,12.73,small_object,33,car,"box 37x28px, conf 0.82"
384,12.8,small_object,39,car,"box 22x46px, conf 0.64"
389,12.97,id_recovered,19,car,"raw 20 -> 90, mất 15 frame"
393,13.1,small_object,32,car,"box 27x38px, conf 0.75"
401,13.37,id_recovered,21,car,"raw 75 -> 92, mất 33 frame"
401,13.37,occlusion,21&25,,IoU 0.31
402,13.4,id_recovered,18,car,"raw 84 -> 94, mất 19 frame"
405,13.5,id_recovered,24,car,"raw 28 -> 95, mất 39 frame"
409,13.63,small_object,41,car,"box 13x9px, conf 0.44"
426,14.2,id_recovered,21,car,"raw 92 -> 97, mất 20 frame"
431,14.37,id_recovered,25,car,"raw 88 -> 98, mất 1 frame"
435,14.5,id_recovered,21,car,"raw 97 -> 100, mất 8 frame"
441,14.7,id_recovered,25,car,"raw 98 -> 88, mất 1 frame"
476,15.87,id_recovered,25,car,"raw 88 -> 109, mất 21 frame"
477,15.9,id_recovered,4,truck,"raw 82 -> 110, mất 58 frame"
479,15.97,id_recovered,19,car,"raw 90 -> 111, mất 55 frame"
484,16.13,small_object,35,car,"box 33x31px, conf 0.73"
489,16.3,id_recovered,45,car,"raw 112 -> 115, mất 1 frame"
499,16.63,id_recovered,19,car,"raw 111 -> 116, mất 18 frame"
518,17.27,small_object,36,car,"box 38x27px, conf 0.77"
524,17.47,id_recovered,25,car,"raw 109 -> 117, mất 44 frame"
527,17.57,id_recovered,23,car,"raw 27 -> 118, mất 55 frame"
541,18.03,small_object,37,car,"box 36x27px, conf 0.77"
563,18.77,small_object,38,car,"box 34x29px, conf 0.73"
564,18.8,small_object,40,car,"box 35x30px, conf 0.77"
569,18.97,small_object,47,car,"box 17x26px, conf 0.53"
588,19.6,id_recovered,49,car,"raw 127 -> 130, mất 1 frame"
602,20.07,id_recovered,42,car,"raw 101 -> 132, mất 54 frame"
609,20.3,id_recovered,29,car,"raw 56 -> 133, mất 51 frame"
613,20.43,id_recovered,28,car,"raw 47 -> 134, mất 20 frame"
613,20.43,occlusion,28&33,,IoU 0.51
615,20.5,small_object,43,car,"box 33x30px, conf 0.77"
617,20.57,small_object,50,car,"box 14x16px, conf 0.46"
634,21.13,small_object,51,car,"box 12x10px, conf 0.42"
636,21.2,small_object,34,truck,"box 28x37px, conf 0.72"
636,21.2,id_recovered,39,car,"raw 89 -> 137, mất 13 frame"
642,21.4,id_recovered,28,car,"raw 134 -> 138, mất 24 frame"
660,22.0,small_object,54,car,"box 16x19px, conf 0.55"
661,22.03,id_recovered,53,car,"raw 140 -> 143, mất 1 frame"
663,22.1,small_object,55,car,"box 16x52px, conf 0.56"
666,22.2,id_recovered,55,car,"raw 144 -> 145, mất 1 frame"
672,22.4,id_recovered,36,car,"raw 81 -> 148, mất 12 frame"
672,22.4,occlusion,34&36,,IoU 0.38
673,22.43,id_recovered,39,car,"raw 137 -> 81, mất 23 frame"
677,22.57,small_object,45,car,"box 31x32px, conf 0.60"
680,22.67,id_recovered,33,car,"raw 61 -> 153, mất 27 frame"
684,22.8,id_recovered,40,car,"raw 93 -> 154, mất 40 frame"
687,22.9,small_object,56,car,"box 16x12px, conf 0.42"
697,23.23,small_object,46,car,"box 36x29px, conf 0.79"
701,23.37,id_recovered,40,car,"raw 154 -> 157, mất 0 frame"
702,23.4,small_object,57,car,"box 13x12px, conf 0.36"
703,23.43,id_recovered,35,car,"raw 73 -> 158, mất 6 frame"
705,23.5,id_recovered,40,car,"raw 157 -> 160, mất 1 frame"
713,23.77,small_object,59,car,"box 17x57px, conf 0.73"
715,23.83,id_recovered,59,car,"raw 161 -> 101, mất 1 frame"
716,23.87,id_recovered,58,car,"raw 159 -> 164, mất 1 frame"
729,24.3,id_recovered,35,car,"raw 158 -> 165, mất 5 frame"
733,24.43,id_recovered,56,car,"raw 155 -> 167, mất 2 frame"
735,24.5,id_recovered,34,truck,"raw 62 -> 168, mất 52 frame"
751,25.03,small_object,42,car,"box 38x26px, conf 0.72"
752,25.07,occlusion,43&45,,IoU 0.33
757,25.23,small_object,49,car,"box 36x28px, conf 0.75"
773,25.77,id_recovered,39,car,"raw 81 -> 174, mất 55 frame"
775,25.83,small_object,62,car,"box 14x12px, conf 0.52"
776,25.87,id_recovered,61,car,"raw 172 -> 176, mất 1 frame"
786,26.2,id_recovered,45,car,"raw 115 -> 178, mất 24 frame"
790,26.33,id_recovered,63,car,"raw 177 -> 179, mất 1 frame"
792,26.4,id_recovered,64,car,"raw 161 -> 180, mất 1 frame"
793,26.43,id_recovered,45,car,"raw 178 -> 181, mất 1 frame"
794,26.47,id_recovered,25,car,"raw 117 -> 182, mất 8 frame"
799,26.63,id_recovered,43,car,"raw 103 -> 183, mất 29 frame"
800,26.67,small_object,44,truck,"box 29x34px, conf 0.69"
812,27.07,id_recovered,45,car,"raw 181 -> 184, mất 9 frame"
813,27.1,small_object,65,car,"box 13x10px, conf 0.42"
821,27.37,small_object,48,truck,"box 30x35px, conf 0.67"
822,27.4,small_object,53,car,"box 34x29px, conf 0.76"
822,27.4,id_recovered,66,car,"raw 186 -> 187, mất 1 frame"
833,27.77,id_recovered,38,car,"raw 85 -> 189, mất 26 frame"
837,27.9,id_recovered,67,car,"raw 188 -> 190, mất 1 frame"
837,27.9,small_object,68,car,"box 13x12px, conf 0.41"
842,28.07,id_recovered,38,car,"raw 189 -> 192, mất 4 frame"
843,28.1,id_recovered,51,car,"raw 97 -> 193, mất 1 frame"
844,28.13,small_object,69,car,"box 16x56px, conf 0.60"
861,28.7,small_object,58,car,"box 37x28px, conf 0.79"
870,29.0,id_recovered,56,car,"raw 167 -> 195, mất 1 frame"
871,29.03,small_object,70,car,"box 17x14px, conf 0.48"
873,29.1,id_recovered,56,car,"raw 195 -> 198, mất 1 frame"
873,29.1,occlusion,46&49,,IoU 0.31
875,29.17,id_recovered,70,car,"raw 196 -> 199, mất 1 frame"
877,29.23,small_object,61,car,"box 36x28px, conf 0.65"
877,29.23,id_recovered,38,car,"raw 192 -> 196, mất 1 frame"
877,29.23,occlusion,38&70,,IoU 0.57
878,29.27,id_recovered,38,car,"raw 196 -> 192, mất 0 frame"
880,29.33,small_object,72,car,"box 20x16px, conf 0.42"
880,29.33,occlusion,70&72,,IoU 0.68
883,29.43,id_recovered,71,car,"raw 197 -> 200, mất 1 frame"
897,29.9,id_recovered,72,car,"raw 196 -> 201, mất 5 frame"
897,29.9,occlusion,70&72,,IoU 0.54
904,30.13,id_recovered,72,car,"raw 201 -> 196, mất 0 frame"
908,30.27,id_recovered,73,car,"raw 203 -> 204, mất 0 frame"
910,30.33,small_object,63,car,"box 35x29px, conf 0.82"
913,30.43,id_recovered,36,car,"raw 148 -> 207, mất 25 frame"
914,30.47,small_object,60,car,"box 37x28px, conf 0.73"
934,31.13,id_recovered,76,car,"raw 208 -> 210, mất 1 frame"
