frame,read_ms,track_ms,yolo_pre_ms,yolo_inf_ms,yolo_post_ms,ids_ms,draw_ms,diag_ms,n_tracks,n_small,n_blur,n_occluded_pairs
1,131.851,3699.978,52.495,128.117,89.117,13.767,110.955,52.549,30,6,0,0
2,5.756,165.264,13.864,102.564,2.565,2.672,26.434,4.793,30,6,0,0
3,6.837,120.012,12.206,99.954,1.833,4.047,19.907,3.655,30,6,0,0
4,5.931,125.106,11.062,106.089,2.012,4.395,16.263,17.123,33,6,0,0
5,5.261,119.405,11.777,99.315,1.96,11.333,20.456,5.67,33,6,0,0
6,4.689,114.851,10.649,96.155,1.868,2.951,17.926,17.091,33,5,0,1
7,4.544,117.711,11.481,99.79,1.804,2.515,17.721,4.522,34,5,0,1
8,4.758,119.39,10.722,100.358,1.857,3.102,17.496,5.164,34,5,0,0
9,6.054,124.583,11.025,105.655,1.722,3.585,17.853,4.201,36,5,0,0
10,6.611,116.184,11.896,96.75,1.687,3.099,20.133,4.458,34,5,0,0
11,7.135,115.721,9.512,98.091,1.833,3.012,18.696,4.444,34,3,0,0
12,5.263,114.778,10.769,97.195,1.791,2.615,19.214,3.944,34,2,0,1
13,12.755,117.49,12.701,98.011,1.579,2.874,21.548,4.628,33,2,0,1
14,4.793,114.17,10.055,95.853,1.962,3.011,19.827,4.445,31,2,0,0
15,6.33,114.984,10.423,98.104,1.591,2.359,20.224,3.745,32,1,0,0
16,5.474,115.827,10.951,98.41,1.578,2.847,19.234,4.576,32,2,0,0
17,4.98,119.438,9.772,102.909,1.567,3.203,20.169,4.708,33,3,0,0
18,5.183,122.622,11.937,102.256,1.882,2.956,19.988,4.789,33,5,0,1
19,5.734,118.314,12.347,99.317,1.676,2.521,17.559,4.718,35,6,0,1
20,4.652,120.419,10.683,101.453,1.961,3.178,18.43,5.099,36,6,0,1
21,4.422,115.214,10.332,97.843,1.781,2.645,16.482,4.125,37,6,0,1
22,6.634,118.114,12.952,97.94,1.63,2.678,17.463,4.257,38,6,0,1
23,5.946,113.661,9.846,96.854,1.89,2.548,16.86,3.573,35,6,0,1
24,5.147,124.309,10.728,106.205,1.809,2.775,16.106,4.587,38,6,0,0
25,5.276,115.597,10.092,98.463,1.661,3.434,21.582,5.624,39,6,0,0
26,4.931,117.562,11.013,99.289,1.875,3.585,18.762,5.787,41,6,0,0
27,5.141,117.205,10.308,99.63,1.843,2.695,18.899,5.615,40,5,0,0
28,5.062,114.863,10.602,96.294,1.827,3.416,19.967,5.641,41,5,0,0
29,4.832,120.127,9.897,101.964,1.925,3.354,20.714,5.547,40,4,0,1
30,4.86,117.959,11.14,98.276,1.866,3.44,19.309,5.166,39,6,0,0
31,6.769,112.57,9.349,96.25,1.715,2.727,17.174,4.257,39,6,0,0
32,5.668,115.572,10.865,97.896,1.539,2.62,19.102,5.567,39,7,0,0
33,5.526,118.186,11.014,99.686,1.774,3.221,20.317,4.483,38,6,0,0
34,5.509,116.67,11.38,96.923,1.794,3.048,18.797,4.228,35,5,0,0
35,5.468,116.202,9.95,97.715,1.811,3.439,19.574,4.62,39,5,0,0
36,5.507,123.876,12.182,103.332,1.785,3.461,20.239,4.655,40,5,0,0
37,8.513,132.301,15.63,108.009,2.022,3.548,21.143,5.206,39,5,0,0
38,6.962,127.929,14.489,104.732,1.81,3.375,17.273,5.121,38,5,0,0
39,5.446,126.627,10.788,107.731,1.786,3.535,18.676,5.67,40,5,0,1
40,4.88,126.998,11.638,106.606,1.962,3.545,19.844,5.972,39,5,0,0
41,6.874,120.041,11.417,100.935,1.845,3.225,18.983,5.703,38,4,0,1
42,6.638,127.183,14.293,103.976,2.135,3.293,19.626,5.038,38,4,0,0
43,5.844,122.358,9.523,103.901,1.945,3.644,19.263,4.57,41,5,0,1
44,6.53,123.507,12.83,102.069,1.841,3.457,20.701,4.497,40,6,0,0
45,5.864,118.004,9.58,98.655,2.231,3.921,19.567,4.749,39,5,0,0
46,5.865,126.732,13.592,104.675,1.823,3.594,21.371,4.724,37,3,0,0
47,4.503,122.346,9.651,103.471,1.981,3.937,19.4,4.874,39,5,0,0
48,4.939,126.615,12.271,104.965,2.006,4.005,20.885,4.719,41,4,0,0
49,3.852,125.602,10.018,106.815,1.939,4.079,21.148,4.845,39,3,0,0
50,3.774,117.183,10.83,98.634,2.041,4.032,20.427,4.71,40,2,0,0
51,4.947,114.837,10.458,97.541,1.677,3.448,17.544,4.169,39,3,0,1
52,4.529,118.225,11.643,98.662,1.995,3.22,18.13,4.128,38,2,0,0
53,4.248,121.832,9.528,103.46,2.289,3.625,19.557,4.612,34,2,0,0
54,4.555,118.969,10.7,98.545,1.908,3.725,20.901,4.591,35,2,0,0
55,5.472,120.102,9.525,101.504,2.178,3.746,19.466,4.668,37,3,0,0
56,4.887,121.331,11.009,101.806,2.063,3.993,21.085,4.726,39,4,0,2
57,4.806,121.954,11.622,100.929,2.329,3.913,20.056,6.327,40,4,0,2
58,4.037,119.91,11.361,99.145,2.15,4.459,21.261,5.837,43,6,0,2
59,4.478,120.416,10.663,102.404,1.767,3.778,20.727,4.88,38,4,0,0
60,4.224,116.418,10.1,98.704,1.958,3.904,18.458,5.352,40,6,0,1
61,4.869,131.611,11.533,106.214,3.921,4.693,22.172,5.813,38,6,0,0
62,3.976,118.348,10.044,99.471,2.31,3.8,21.219,4.95,39,6,0,0
63,4.944,122.464,10.564,102.418,2.163,3.344,20.053,4.614,38,5,0,0
64,4.187,124.32,10.941,106.314,1.729,2.893,19.924,3.914,39,5,0,1
65,5.003,121.282,10.868,102.861,1.782,3.71,20.503,5.061,37,4,0,0
66,4.408,119.675,12.02,100.343,1.821,3.625,20.277,5.184,39,4,0,0
67,4.189,120.834,10.401,102.282,2.009,3.71,19.728,6.264,38,3,0,0
68,3.69,116.78,10.504,98.719,1.999,2.868,19.551,4.632,35,3,0,1
69,4.204,119.646,9.67,101.95,1.97,3.613,21.055,5.225,39,4,0,1
70,4.52,114.002,12.216,94.596,1.759,3.517,19.455,4.669,39,4,0,2
71,4.339,118.449,10.424,100.726,1.747,2.891,19.491,4.124,40,4,0,2
72,4.261,114.363,9.819,97.469,1.686,2.903,17.037,4.033,40,4,0,2
73,4.187,113.676,8.81,97.657,1.834,2.908,20.007,3.841,38,3,0,0
74,3.767,118.365,9.778,99.886,2.156,3.54,16.96,4.453,40,5,0,0
75,4.386,121.725,9.839,104.262,2.044,3.877,19.743,5.095,41,6,0,0
76,4.239,114.105,9.863,94.567,2.194,3.844,19.899,7.138,41,6,0,1
77,4.309,118.124,8.95,101.357,1.818,3.296,19.503,6.696,42,7,0,1
78,4.217,121.279,10.731,101.407,2.073,3.687,18.942,5.259,41,6,0,1
79,3.959,119.466,9.341,101.709,2.086,3.38,20.064,18.056,44,6,0,2
80,4.564,118.136,10.226,100.131,1.915,3.001,18.341,5.875,43,7,0,1
81,4.721,124.858,11.269,104.127,2.099,3.842,23.296,4.745,43,8,0,1
82,4.823,144.263,12.083,117.566,2.813,6.953,28.954,5.31,41,7,0,0
83,5.262,155.344,13.44,132.649,1.702,4.405,20.319,17.341,43,8,0,0
84,5.517,133.832,13.721,110.751,1.825,3.481,21.041,4.236,43,8,0,0
85,4.574,134.218,12.471,109.423,2.293,5.39,29.782,7.241,44,8,0,0
86,4.24,130.615,13.659,104.692,2.527,5.641,24.478,8.159,45,5,0,0
87,4.343,125.774,10.137,106.759,1.946,3.813,20.173,6.807,46,9,0,0
88,4.428,115.809,10.949,95.293,2.119,4.787,21.67,17.181,45,8,0,1
89,4.723,121.891,12.058,99.981,2.155,4.301,23.939,5.362,45,9,0,1
90,3.845,114.72,10.781,96.742,1.685,3.902,21.38,4.794,45,8,0,3
91,4.321,126.787,10.477,100.742,2.612,3.901,21.083,4.761,42,7,0,1
92,5.04,118.696,13.227,96.364,1.931,3.572,18.103,4.294,42,6,0,1
93,4.211,119.56,10.588,100.176,1.833,3.582,20.438,4.802,42,7,0,1
94,4.577,125.984,12.998,101.367,2.163,4.733,28.57,6.494,39,6,0,1
95,4.82,117.387,10.044,99.583,1.846,3.42,18.069,4.236,38,7,0,1
96,4.934,151.665,14.514,125.262,3.34,3.421,21.9,6.959,39,6,0,1
97,6.949,150.989,15.817,123.527,2.317,4.582,23.097,5.754,41,6,0,1
98,5.713,124.186,14.306,100.657,1.84,3.574,17.198,5.343,38,5,0,1
99,4.088,129.431,10.874,108.667,2.295,3.424,17.298,5.651,38,7,0,0
100,3.901,135.75,12.391,114.273,2.232,3.277,20.28,4.705,37,6,0,0
101,4.917,126.542,10.955,104.85,2.567,3.427,16.453,3.907,35,5,0,0
102,4.299,112.614,9.262,95.222,1.739,3.311,19.228,3.919,35,6,0,0
103,4.576,114.692,8.941,97.658,1.61,2.998,18.665,4.463,34,5,0,0
104,3.997,121.588,10.768,101.493,1.9,3.204,18.706,5.075,35,4,0,2
105,4.46,124.82,10.527,106.197,1.971,3.374,16.779,3.947,36,5,0,1
106,4.307,119.482,10.113,100.099,2.241,3.325,19.273,4.092,37,5,0,3
107,5.316,123.67,10.864,102.633,1.976,3.402,18.898,4.771,37,5,0,3
108,4.544,125.794,10.733,99.9,4.294,3.054,18.416,5.269,33,3,0,1
109,4.581,154.771,10.843,119.57,3.478,7.317,31.855,11.041,35,2,0,1
110,9.758,133.298,18.177,96.731,3.178,7.408,27.573,9.68,37,3,0,1
111,7.295,137.156,13.754,104.988,3.243,7.669,30.015,9.991,35,3,0,1
112,6.664,137.377,16.478,110.744,1.835,3.0,27.606,7.411,36,3,0,1
113,7.165,131.366,15.435,106.458,1.874,3.169,18.008,4.793,34,3,0,0
114,5.05,120.889,12.282,100.408,1.847,2.545,18.414,4.153,35,3,0,1
115,13.181,156.84,20.834,118.599,3.224,6.911,28.233,9.509,33,3,0,0
116,7.433,134.343,16.031,99.604,3.389,7.213,28.876,9.806,35,3,0,0
117,6.628,138.33,15.94,104.84,3.077,7.846,30.918,10.553,35,3,0,0
118,6.784,146.101,14.65,111.471,4.431,6.745,30.582,13.303,36,2,0,0
119,5.866,140.485,12.906,109.625,3.453,6.763,27.373,11.175,35,2,0,0
120,6.363,133.779,16.432,99.587,3.072,6.462,27.893,9.065,32,1,0,0
121,7.414,143.876,16.177,110.746,3.465,6.367,32.209,10.413,31,1,0,0
122,7.322,141.198,14.83,109.856,2.857,6.472,28.73,9.845,32,2,0,0
123,6.589,134.443,13.222,105.007,3.097,6.384,27.698,9.436,32,3,0,0
124,6.961,158.71,15.426,124.57,3.94,6.288,30.685,9.373,31,3,0,1
125,6.828,137.634,16.375,101.226,4.223,7.296,31.156,9.981,34,1,0,1
126,6.59,141.33,15.347,108.16,3.609,6.64,30.894,9.621,33,1,0,1
127,6.558,150.167,16.907,114.079,4.075,8.067,29.843,11.84,33,3,0,1
128,6.673,140.077,17.285,103.666,3.843,7.404,30.232,12.714,35,4,0,1
129,7.082,161.667,17.203,125.34,3.986,7.143,30.887,10.868,37,6,0,1
130,7.247,136.277,16.174,100.608,3.991,7.469,29.081,9.114,37,4,0,0
131,7.115,139.101,15.189,106.18,3.879,7.04,29.751,12.214,35,3,0,1
132,6.602,137.793,15.714,103.595,3.609,7.45,30.089,12.633,36,4,0,1
133,4.786,134.519,15.19,99.765,4.097,7.805,31.587,11.232,37,4,0,1
134,5.453,138.751,16.989,103.146,3.958,7.034,30.448,11.022,35,4,0,0
135,6.7,137.397,16.508,102.894,3.799,6.871,29.092,13.333,33,4,0,0
136,6.767,134.047,17.527,97.769,3.877,7.15,30.137,11.589,34,5,0,0
137,6.746,137.634,15.663,103.226,3.888,6.724,30.09,11.173,34,4,0,0
138,6.262,137.569,15.779,102.294,3.867,7.066,30.434,9.753,33,3,0,0
139,7.171,137.411,14.848,103.449,4.073,6.788,30.37,9.538,33,3,0,0
140,7.181,137.183,18.116,101.034,3.765,6.365,29.713,9.386,34,4,0,0
141,7.243,139.247,16.345,104.584,3.612,7.232,29.101,9.812,35,4,0,1
142,6.385,132.558,14.836,100.529,3.206,7.05,28.974,9.32,35,4,0,1
143,6.979,146.088,14.552,113.74,2.942,7.288,28.338,9.808,37,4,0,1
144,7.294,136.234,15.859,101.383,3.168,8.098,31.759,10.807,37,4,0,2
145,6.681,146.161,16.721,109.539,3.383,7.868,31.039,10.402,39,3,0,2
146,6.863,136.997,15.067,103.067,3.92,7.57,28.002,10.743,38,2,0,2
147,7.19,132.695,13.726,100.694,3.249,8.094,28.042,10.553,40,2,0,2
148,9.336,144.817,14.946,111.512,3.268,7.999,29.063,10.558,41,3,0,2
149,6.606,141.827,15.428,107.979,3.227,7.743,28.13,10.227,40,3,0,2
150,6.401,138.745,17.12,102.606,3.826,7.872,27.67,10.217,40,3,0,2
151,6.788,142.878,16.999,107.577,3.025,7.266,28.47,9.443,38,2,0,2
152,7.166,133.782,14.921,101.264,3.1,7.422,28.251,9.667,38,1,0,2
153,7.016,142.474,17.677,106.717,3.501,6.869,27.385,9.52,36,1,0,1
154,6.531,131.855,15.518,97.857,3.482,7.321,28.723,9.654,36,1,0,1
155,6.899,136.836,15.228,102.964,3.458,7.271,28.443,10.757,37,2,0,1
156,6.725,134.262,17.752,97.491,3.714,7.486,30.029,11.402,38,3,0,1
157,6.617,136.042,15.168,102.133,3.356,7.356,31.583,35.926,39,3,0,1
158,6.348,130.941,15.183,96.844,3.446,7.55,27.833,11.07,38,2,0,1
159,5.876,132.092,14.177,99.441,3.409,7.682,29.651,11.795,36,2,0,1
160,5.332,130.755,12.778,99.503,3.263,8.2,27.639,10.81,40,2,0,3
161,5.428,132.157,15.566,97.655,3.347,7.463,30.297,34.06,40,4,0,1
162,6.02,129.524,15.635,95.781,3.42,7.071,30.274,11.333,37,4,0,2
163,6.359,135.639,14.042,101.936,3.582,7.238,30.496,10.566,36,5,0,1
164,5.742,132.111,14.549,97.481,3.675,7.037,31.177,12.144,37,5,0,0
165,6.222,137.626,16.739,101.602,3.583,7.368,28.925,12.033,38,6,0,0
166,6.478,132.626,14.504,100.098,3.382,6.858,29.859,12.042,37,5,0,0
167,6.072,134.027,13.704,101.766,3.27,6.886,29.091,10.571,35,5,0,0
168,6.481,131.652,16.412,96.854,3.402,6.615,30.12,10.84,34,4,0,0
169,6.108,138.377,15.62,103.785,3.3,6.386,29.636,9.505,34,4,0,0
170,6.408,133.015,14.276,101.203,3.374,6.424,29.371,8.818,33,3,0,0
171,6.586,137.848,13.327,105.267,3.415,6.679,30.229,10.0,35,2,0,0
172,6.554,131.426,14.778,97.393,3.234,7.286,30.623,11.639,36,3,0,0
173,6.959,138.547,16.275,102.142,3.357,7.462,33.356,10.51,35,3,0,0
174,6.991,133.657,15.251,99.081,3.378,7.115,31.435,10.563,36,4,0,0
175,6.883,137.943,14.43,103.962,3.629,6.606,29.652,10.196,33,5,0,0
176,7.019,136.22,15.141,102.02,3.13,6.646,30.77,10.619,34,5,0,0
177,6.856,136.704,16.435,99.493,3.484,7.856,31.336,10.694,36,5,0,0
178,6.915,138.239,18.751,99.611,3.423,7.296,31.113,12.199,36,5,0,0
179,7.301,136.228,14.539,101.994,3.145,7.635,31.858,10.183,39,5,0,0
180,7.067,133.531,15.337,98.278,3.314,7.078,31.86,10.421,38,5,0,0
181,6.6,136.218,14.886,101.988,3.372,7.001,30.475,9.491,36,3,0,0
182,5.128,129.07,13.146,95.789,3.571,7.34,31.164,9.667,35,3,0,0
183,6.154,138.527,15.808,102.735,3.279,6.976,29.346,8.837,34,4,0,0
184,6.98,133.319,14.515,98.938,3.533,6.933,30.148,9.256,35,4,0,0
185,6.618,133.805,14.504,99.907,3.06,6.744,31.852,9.905,34,4,0,0
186,7.108,130.936,15.449,96.12,3.234,7.83,29.747,9.535,37,5,0,0
187,6.9,140.468,16.934,101.985,3.722,7.764,29.777,9.743,38,5,0,0
188,7.447,132.854,15.111,97.295,3.373,7.798,28.803,9.493,36,4,0,0
189,7.234,135.412,14.867,100.464,3.374,6.822,31.396,10.075,37,5,0,0
190,7.176,132.885,14.565,98.292,3.502,7.409,29.964,10.54,38,5,0,0
191,7.223,135.59,15.725,100.295,3.453,7.626,30.072,35.028,38,4,0,1
192,7.282,134.391,14.514,100.2,3.349,6.672,30.679,9.931,36,5,0,1
193,7.065,139.619,16.883,102.242,3.611,7.399,31.7,10.732,38,5,0,1
194,7.46,135.435,15.303,99.112,3.623,6.831,29.452,11.223,36,3,0,1
195,7.055,140.893,16.121,103.228,3.647,8.449,28.237,10.788,40,4,0,1
196,7.166,134.725,14.509,99.859,3.044,7.356,29.118,10.745,38,3,0,1
197,6.678,132.801,15.39,102.827,2.633,5.41,19.116,7.567,39,3,0,2
198,4.981,129.005,11.294,101.45,3.214,6.663,21.732,8.215,42,4,0,3
199,5.605,147.881,13.923,117.567,3.359,6.772,20.449,8.178,43,5,0,3
200,5.576,154.029,13.464,123.31,3.449,6.418,19.809,7.556,43,5,0,2
201,5.81,164.372,23.366,125.0,3.656,8.672,21.6,8.525,40,4,0,1
202,5.995,134.18,13.336,105.19,3.088,5.598,24.344,8.312,37,2,0,0
203,5.092,135.079,13.391,104.588,2.919,6.253,19.527,6.971,39,3,0,0
204,5.53,199.559,13.97,160.438,6.83,6.33,20.262,8.898,41,4,0,0
205,6.078,146.906,13.269,118.032,2.856,5.787,22.27,7.924,41,5,0,0
206,5.041,149.126,14.423,117.9,2.885,5.932,20.727,6.972,41,5,0,0
207,6.212,142.419,13.836,112.697,3.232,5.901,20.945,7.871,40,5,0,0
208,4.83,136.513,12.391,106.54,3.383,6.095,32.319,7.736,41,6,0,0
209,10.433,139.292,14.748,108.575,3.065,5.474,20.506,6.601,39,5,0,0
210,4.994,132.331,12.928,103.243,2.953,5.669,20.694,6.854,40,5,0,0
211,4.968,126.055,11.803,97.713,3.08,6.085,20.561,7.462,42,5,0,1
212,4.979,129.884,13.218,100.239,2.691,6.257,19.745,7.903,44,4,0,1
213,5.179,127.434,11.403,99.523,3.01,6.442,21.325,7.843,43,4,0,0
214,5.162,126.046,13.665,96.419,2.684,5.796,20.297,8.045,41,4,0,1
215,5.19,125.255,11.28,98.144,3.113,5.86,20.781,7.399,41,4,0,1
216,5.056,123.541,13.433,94.693,2.767,5.566,20.097,7.1,40,4,0,1
217,5.07,138.351,10.975,103.704,4.173,8.517,30.742,10.021,39,5,0,1
218,6.667,134.709,15.534,98.75,3.724,7.654,25.953,9.052,38,5,0,1
219,6.348,140.241,14.439,103.081,3.999,8.055,28.504,9.518,41,5,0,1
220,6.345,141.421,17.781,102.108,3.236,8.26,27.473,9.618,42,4,0,1
221,6.404,144.362,14.952,108.313,3.66,7.994,28.807,8.794,40,5,0,1
222,7.219,145.096,17.238,105.228,3.802,7.783,32.593,9.664,39,6,0,0
223,7.514,142.851,14.769,106.225,3.577,8.179,27.771,9.347,41,6,0,0
224,6.597,137.801,17.661,99.567,3.111,7.538,29.696,8.248,38,5,0,0
225,7.066,139.395,14.461,103.02,3.489,7.29,29.891,9.168,39,4,0,0
226,6.666,134.647,14.535,99.082,3.304,7.897,30.373,9.568,39,4,0,0
227,6.579,140.542,15.365,103.05,3.299,8.499,29.611,10.311,42,4,0,0
228,7.214,137.846,17.812,99.555,2.814,7.338,29.643,10.301,39,3,0,0
229,6.844,139.483,15.06,103.431,3.303,7.094,30.454,8.746,37,4,0,0
230,7.095,135.44,14.892,99.632,3.246,7.576,27.655,10.576,39,3,0,0
231,6.731,137.44,14.14,102.985,3.282,7.488,30.963,9.343,40,4,0,0
232,6.621,148.989,15.639,111.48,3.442,8.086,26.917,10.138,41,5,0,0
233,6.897,143.094,13.888,107.126,3.328,8.386,27.57,11.083,44,7,0,0
234,12.37,138.498,17.301,99.525,3.333,8.002,30.398,11.368,42,6,0,0
235,6.918,139.854,15.496,104.399,3.074,6.673,26.484,33.655,39,5,0,0
236,6.264,141.042,16.208,102.874,3.778,7.212,30.046,10.962,39,5,0,0
237,6.91,140.407,14.359,102.486,3.996,7.553,24.894,11.223,37,4,0,0
238,6.782,137.04,14.404,101.27,3.629,7.223,31.001,11.751,37,4,0,0
239,7.017,142.909,16.961,104.385,3.473,8.021,29.754,34.003,40,5,0,0
240,6.835,138.714,15.226,100.338,3.364,8.487,31.473,11.082,41,5,0,0
241,6.992,139.269,13.424,104.321,3.278,8.431,30.691,11.693,43,7,0,0
242,6.957,141.073,18.202,101.44,3.202,7.787,30.102,11.868,43,7,0,0
243,7.168,140.224,15.6,103.249,3.269,7.695,30.23,12.033,42,6,0,0
244,7.072,134.562,15.858,98.872,2.982,7.903,32.787,11.477,41,6,0,0
245,6.724,142.429,14.348,105.961,3.626,8.042,30.33,12.327,43,7,0,0
246,6.845,132.364,15.592,95.835,3.306,7.435,30.903,12.389,39,6,0,0
247,7.025,138.864,16.401,99.595,3.588,8.041,30.787,11.949,39,5,0,0
248,7.043,134.191,14.611,98.419,3.487,7.53,31.981,11.998,39,6,0,0
249,6.774,135.97,13.585,100.958,3.592,7.068,29.291,9.674,39,6,0,0
250,6.286,141.28,13.71,107.201,3.392,7.715,31.745,9.183,38,6,0,0
251,7.344,176.925,16.971,105.592,33.297,8.067,34.611,9.584,39,6,0,0
252,6.93,139.849,15.879,102.397,3.568,8.471,32.02,9.948,40,6,0,0
253,6.851,143.305,14.101,107.144,3.199,8.192,31.219,10.327,41,6,0,0
254,7.277,135.295,15.642,97.728,3.322,7.72,46.055,9.974,41,5,0,0
255,6.838,152.527,17.514,114.102,2.861,7.667,32.366,9.65,39,5,0,0
256,6.992,132.509,14.925,96.545,2.739,8.099,31.115,9.326,39,7,0,0
257,7.346,147.992,14.832,113.103,2.867,7.206,30.204,10.207,40,7,0,0
258,6.971,136.128,13.944,101.002,2.851,7.129,30.084,10.005,37,5,0,0
259,6.008,158.745,14.694,123.112,3.053,7.091,31.9,10.5,37,5,0,0
260,6.442,131.326,13.934,97.117,3.116,7.056,31.212,10.352,37,4,0,0
261,7.026,139.646,13.187,104.542,3.168,7.176,31.574,10.476,38,5,0,0
262,7.33,140.243,17.55,100.11,3.749,6.999,27.343,9.404,38,5,0,0
263,9.662,131.823,10.432,110.165,1.88,2.562,17.467,3.64,38,4,0,0
264,5.281,114.808,10.536,93.232,1.846,3.379,17.377,5.168,37,4,0,0
265,3.687,110.444,8.149,90.949,2.129,2.818,18.899,3.4,37,4,0,0
266,3.527,107.624,9.164,89.757,1.595,2.611,17.921,3.537,37,4,0,0
267,3.866,110.879,10.008,92.312,1.632,2.463,16.483,3.376,36,3,0,0
268,3.666,106.862,8.515,88.744,1.719,3.223,18.995,4.236,38,4,0,0
269,3.936,109.206,8.192,91.136,1.771,3.291,19.294,4.31,39,4,0,0
270,3.738,107.126,8.772,89.762,1.556,2.731,16.867,3.532,40,5,0,0
271,3.928,113.111,8.249,93.66,2.03,3.33,20.548,4.353,37,5,0,0
272,3.707,114.585,9.053,96.806,1.633,2.796,16.676,3.45,39,7,0,0
273,4.031,116.605,10.112,95.268,2.058,3.584,17.018,3.472,37,5,0,0
274,3.942,110.72,9.267,92.597,1.586,3.382,20.678,4.133,37,5,0,0
275,3.824,147.335,8.744,115.939,3.798,7.669,29.038,8.817,36,5,0,0
276,4.944,128.666,13.79,94.906,2.894,6.553,29.177,9.087,35,5,0,0
277,5.312,134.123,12.829,100.06,2.888,7.223,28.995,10.216,36,5,0,0
278,4.862,141.605,12.988,107.645,2.822,6.91,29.967,9.708,36,6,0,0
279,5.237,147.954,13.898,112.963,2.876,7.354,28.994,10.444,37,6,0,0
280,4.928,142.261,12.969,107.504,3.409,7.519,31.193,33.226,40,5,0,1
281,5.81,144.727,14.279,102.387,3.064,9.91,31.984,13.346,37,5,0,1
282,5.143,150.653,13.57,115.486,2.861,7.489,30.562,9.343,39,6,0,1
283,6.58,154.234,15.778,116.257,3.388,8.134,29.736,10.306,39,5,0,1
284,5.912,141.569,15.322,105.105,2.825,7.354,30.317,10.423,39,4,0,0
285,5.959,135.378,14.943,99.855,2.819,7.785,29.609,11.086,41,4,0,0
286,6.186,146.447,16.849,108.488,2.594,7.288,30.421,10.894,39,4,0,0
287,5.95,152.078,16.749,114.774,3.252,6.868,28.843,9.892,37,3,0,0
288,7.259,132.225,14.376,96.662,3.187,7.305,29.764,9.762,37,3,0,0
289,5.199,134.867,14.933,98.366,3.091,7.553,30.757,10.971,39,4,0,0
290,6.617,132.66,14.277,96.105,3.525,7.48,29.65,10.167,38,4,0,1
291,6.868,143.45,15.353,104.808,5.142,7.779,29.529,13.035,39,4,0,3
292,7.118,155.478,16.905,115.45,3.926,12.644,27.876,11.546,42,4,0,4
293,6.703,139.478,15.304,101.106,5.579,7.791,30.381,13.082,40,3,0,4
294,7.067,140.547,15.398,101.38,5.083,7.966,30.663,13.452,42,4,0,3
295,7.033,136.191,16.766,97.989,2.957,8.236,30.098,10.987,43,3,0,2
296,5.677,137.287,13.283,101.42,3.761,7.69,29.278,13.908,42,3,0,2
297,5.179,141.711,12.495,106.77,2.989,8.123,30.77,13.6,43,3,0,1
298,6.78,139.977,13.883,104.175,3.308,7.649,29.589,13.176,41,3,0,1
299,6.363,137.874,17.192,99.671,2.74,7.527,27.428,12.167,39,3,0,3
300,6.68,151.062,16.076,109.998,5.417,8.129,30.551,13.244,41,3,0,2
301,7.339,151.806,15.646,114.155,3.231,8.073,31.41,9.536,41,4,0,1
302,5.222,146.955,14.332,112.029,2.84,7.702,27.656,10.466,41,4,0,1
303,6.983,136.778,15.897,99.499,3.36,7.005,27.132,10.227,37,4,0,1
304,7.021,155.428,18.997,114.354,3.564,7.051,30.687,10.161,34,4,0,0
305,6.935,156.885,16.263,117.917,3.723,7.589,28.268,10.274,35,4,0,1
306,7.254,156.648,18.095,114.336,5.161,7.819,30.382,9.529,35,4,0,1
307,6.629,148.358,15.43,111.555,3.559,7.364,27.63,9.414,36,4,0,2
308,6.731,135.785,15.651,99.883,3.034,7.529,28.72,10.167,37,4,0,2
309,7.857,137.15,13.168,102.537,3.763,7.431,26.541,9.241,36,3,0,2
310,7.103,148.078,14.79,110.978,3.799,7.516,30.119,9.963,35,3,0,1
311,6.473,137.88,15.829,100.45,3.332,7.279,26.504,9.707,38,4,0,3
312,6.518,150.427,16.391,111.408,3.221,8.357,28.734,10.43,38,4,0,2
313,6.243,160.043,14.885,113.959,3.344,7.818,29.415,34.041,38,3,0,2
314,6.692,141.645,15.368,103.089,3.729,7.574,27.856,9.93,38,3,0,2
315,7.078,150.95,15.976,112.214,3.762,7.339,27.835,12.127,38,3,0,2
316,6.951,152.146,17.125,110.832,3.999,7.828,28.048,11.49,38,3,0,2
317,7.167,161.583,14.68,122.041,5.028,8.794,27.46,11.707,39,3,0,3
318,7.341,152.561,17.045,114.348,3.142,7.844,32.983,14.035,37,2,0,2
319,7.133,146.142,15.817,109.551,3.108,7.536,27.157,11.361,36,2,0,2
320,6.768,141.192,15.064,104.401,3.126,7.312,29.01,35.871,37,2,0,1
321,6.637,141.161,14.18,105.711,3.315,8.369,28.429,11.092,39,2,0,0
322,6.479,153.507,15.756,115.164,3.478,8.363,29.275,10.022,37,2,0,0
323,7.315,140.533,16.821,101.973,3.4,7.389,28.676,9.947,38,2,0,0
324,6.966,149.568,14.821,112.676,3.403,8.131,29.825,10.448,40,2,0,2
325,6.813,146.082,15.504,107.872,3.654,7.634,33.085,9.794,38,2,0,0
326,7.886,153.227,17.885,112.702,3.861,8.411,29.123,10.531,36,2,0,0
327,7.102,136.295,15.999,99.134,3.285,7.725,27.661,11.804,37,2,0,0
328,6.765,142.041,12.747,106.748,4.014,7.306,29.891,11.22,37,2,0,1
329,6.709,151.502,15.759,114.03,3.468,7.361,27.053,11.526,36,2,0,1
330,6.498,141.717,17.058,102.628,3.19,7.363,31.426,10.381,38,2,0,2
331,6.691,138.649,16.456,100.514,3.48,8.08,28.381,10.314,40,3,0,1
332,7.046,135.665,16.554,97.143,3.665,7.784,28.308,11.126,41,3,0,1
333,6.714,137.541,15.782,100.248,3.247,7.627,28.187,10.308,41,3,0,1
334,6.903,136.218,15.079,98.562,3.132,7.935,31.113,11.197,38,3,0,1
335,6.938,194.404,15.341,156.409,3.503,8.7,28.73,10.641,41,3,0,1
336,6.977,138.071,15.818,99.12,3.658,8.317,29.039,10.464,39,4,0,1
337,6.956,137.983,15.213,100.751,3.571,7.724,30.55,10.259,41,4,0,2
338,6.727,155.605,15.548,114.487,7.131,8.059,30.259,10.533,41,3,0,1
339,7.069,139.225,16.757,98.98,4.245,8.652,30.462,11.502,42,4,0,3
340,6.918,134.722,14.925,97.845,3.531,7.859,27.44,10.185,38,4,0,3
341,6.627,139.573,15.322,100.77,3.518,7.963,30.985,10.368,39,4,0,3
342,7.105,137.084,14.936,100.181,3.482,7.655,29.11,9.847,41,4,0,2
343,7.039,137.708,16.061,100.958,2.904,8.131,30.031,10.753,43,6,0,3
344,6.999,130.993,14.634,96.156,2.879,8.299,28.257,10.073,40,4,0,2
345,6.95,136.507,13.877,101.227,2.83,7.646,31.799,9.81,39,4,0,1
346,7.182,132.558,14.498,96.43,2.856,7.553,30.286,10.523,40,4,0,1
347,6.882,136.388,16.601,98.754,2.873,7.673,28.364,9.962,41,7,0,2
348,7.133,137.07,15.12,99.071,3.547,9.49,31.028,11.477,42,6,0,2
349,7.16,137.845,14.293,101.279,3.233,8.208,31.036,11.414,42,4,0,4
350,7.336,134.603,16.147,97.164,2.931,7.602,28.886,10.121,40,4,0,4
351,7.14,135.495,16.149,97.963,2.897,7.794,29.431,10.529,41,3,0,4
352,6.965,140.73,14.973,103.362,3.427,7.334,32.588,11.539,40,1,0,3
353,7.286,139.211,13.331,102.399,3.54,7.868,29.152,10.593,39,1,0,1
354,6.543,145.896,16.567,107.907,3.165,7.22,30.422,10.931,40,3,0,2
355,5.058,140.802,14.455,104.863,3.571,7.28,29.476,10.703,37,3,0,1
356,6.765,134.881,15.928,98.048,2.863,7.277,30.675,11.837,37,1,0,1
357,7.146,134.806,14.214,99.761,2.836,7.512,29.769,10.733,39,2,0,1
358,5.26,130.887,14.066,95.662,2.906,7.67,30.646,34.565,41,4,0,2
359,7.06,137.979,15.342,100.036,3.481,8.171,29.315,11.039,40,4,0,2
360,6.424,134.356,15.957,97.097,2.864,8.358,32.536,10.999,43,4,0,2
361,7.189,135.118,13.805,100.127,2.975,7.983,32.049,10.546,42,6,0,2
362,7.027,133.553,14.577,96.765,3.11,8.713,29.735,10.49,45,7,0,2
363,6.066,140.078,15.915,102.08,3.013,8.443,31.515,10.222,46,5,0,2
364,5.411,136.836,14.307,100.3,3.055,8.359,30.896,10.186,46,7,0,2
365,6.01,133.674,13.514,98.591,2.913,8.31,29.458,10.493,44,7,0,2
366,6.395,132.117,14.464,96.002,3.046,7.79,29.894,9.702,44,9,0,2
367,6.02,135.005,14.804,98.564,2.955,8.572,30.932,10.174,43,7,0,2
368,6.925,132.587,14.102,97.597,2.883,9.128,29.702,10.238,43,5,0,2
369,4.96,135.111,13.101,100.201,3.086,8.125,29.504,9.419,43,5,0,2
370,5.482,129.021,12.349,95.058,2.896,8.887,30.078,9.698,42,4,0,3
371,5.309,133.15,13.657,97.309,2.933,9.38,30.428,11.019,45,4,0,2
372,5.343,133.936,16.137,93.789,3.489,8.033,29.644,10.007,45,6,0,2
373,4.906,130.963,12.053,96.458,2.914,8.484,31.307,9.888,44,6,0,2
374,5.814,131.845,16.033,94.233,2.992,8.364,31.702,9.512,41,6,0,1
375,5.715,133.086,12.252,99.245,3.06,7.999,28.688,9.678,42,6,0,1
376,5.994,133.79,15.42,96.595,2.89,8.725,28.904,10.058,43,6,0,0
377,6.162,133.288,12.931,98.365,2.941,7.93,29.154,9.77,43,6,0,0
378,6.279,129.636,13.868,93.772,3.061,9.238,31.587,10.044,43,7,0,0
379,6.754,135.106,13.047,100.851,3.032,8.606,28.417,9.591,41,6,0,0
380,6.255,141.071,16.845,103.2,2.895,8.005,29.719,9.354,43,7,0,0
381,6.949,134.296,12.686,100.358,3.025,7.756,29.35,9.324,41,6,0,0
382,6.791,143.614,14.149,106.461,3.575,7.389,31.387,9.664,39,6,0,0
383,6.847,146.324,13.981,109.745,3.805,8.357,28.217,9.578,42,6,0,0
384,7.112,135.29,17.31,95.797,2.95,8.328,29.481,9.864,43,6,0,0
385,8.103,144.283,13.801,108.157,3.18,8.552,31.33,10.341,45,6,0,0
386,7.312,141.184,14.146,105.189,3.013,8.239,28.438,10.131,46,5,0,0
387,8.144,154.726,15.59,116.216,3.276,8.464,28.438,10.087,46,6,0,0
388,6.643,136.881,18.001,96.857,2.878,8.495,30.538,10.487,45,6,0,1
389,7.151,155.904,17.339,114.008,3.926,9.383,29.07,11.375,44,7,0,1
390,7.058,132.384,14.549,95.416,2.951,8.177,31.114,9.762,43,6,0,1
391,7.343,135.227,13.712,99.511,3.632,7.692,29.78,34.213,41,5,0,1
392,6.905,136.275,17.079,97.208,3.453,8.152,29.729,9.798,42,6,0,0
393,7.48,141.833,16.262,103.812,2.815,8.014,27.89,9.667,44,7,0,0
394,7.02,142.282,15.339,105.273,2.828,8.86,31.154,10.775,45,7,0,0
395,7.546,149.514,14.195,112.107,2.971,8.804,28.364,9.923,45,7,0,0
396,6.696,162.618,18.772,120.395,3.505,8.436,29.35,10.498,45,7,0,0
397,8.186,156.793,15.276,119.307,3.0,8.744,32.216,12.881,46,7,0,0
398,7.13,131.554,14.611,96.666,2.761,8.321,27.57,12.348,45,6,0,0
399,6.861,133.504,13.02,100.438,2.687,8.469,29.468,13.759,45,7,0,0
400,6.706,179.844,16.943,117.805,19.384,8.79,29.784,36.74,44,7,0,0
401,7.097,158.699,17.735,118.847,3.306,8.442,29.233,9.696,44,7,0,0
402,6.92,138.53,17.564,98.553,3.644,8.507,30.391,11.054,44,7,0,0
403,7.098,140.367,14.703,101.569,4.586,8.753,32.233,11.722,43,8,0,0
404,6.862,145.649,17.996,103.723,4.468,10.149,33.128,12.416,43,8,0,0
405,7.224,149.435,16.517,108.532,4.187,8.518,32.561,11.3,43,8,0,0
406,7.153,157.246,16.747,117.863,3.993,10.069,31.137,12.054,45,8,0,0
407,6.713,144.983,14.156,107.463,3.756,9.496,32.426,13.434,46,9,0,0
408,6.688,150.212,17.524,109.693,4.028,8.906,30.588,12.643,46,10,0,1
409,7.031,140.063,14.285,101.796,3.833,10.656,33.212,12.514,48,9,0,0
410,7.003,142.319,18.212,100.506,4.321,9.492,30.246,11.886,47,9,0,0
411,6.94,151.788,16.105,112.628,4.033,9.235,30.953,10.933,46,9,0,0
412,7.061,141.855,18.113,99.696,4.24,9.319,30.509,11.17,46,8,0,0
413,6.486,136.666,15.314,98.475,3.288,9.761,30.779,11.967,48,9,0,0
414,6.939,140.393,15.476,102.397,3.214,8.674,30.596,11.595,47,9,0,0
415,6.684,145.536,15.655,106.272,3.247,9.851,30.814,11.589,47,9,0,0
416,7.151,134.813,14.804,97.511,3.481,9.898,31.032,11.679,47,9,0,0
417,7.512,141.272,14.855,104.144,3.483,9.083,29.018,12.224,47,9,0,0
418,6.72,135.871,14.848,98.65,3.374,9.369,32.05,10.365,48,9,0,0
419,6.404,142.912,15.625,104.059,3.382,9.127,31.513,10.141,48,9,0,0
420,6.878,137.865,15.921,98.46,3.717,9.686,31.5,11.001,48,9,0,0
421,6.986,138.338,14.831,100.395,3.375,10.513,32.408,11.63,50,11,0,0
422,7.038,138.099,15.626,98.68,3.729,10.616,30.851,10.739,51,10,0,0
423,6.702,139.347,16.095,100.093,3.808,9.102,30.819,10.501,47,9,0,0
424,7.138,133.878,15.225,96.067,3.543,9.257,31.494,10.953,48,9,0,0
425,7.088,139.159,16.306,98.388,3.731,9.777,30.709,10.975,49,9,0,0
426,6.867,135.184,15.63,97.861,3.048,8.497,29.571,9.335,46,9,0,0
427,6.762,139.005,16.335,100.491,2.667,9.452,28.799,10.234,48,8,0,0
428,6.624,135.76,14.626,101.054,2.858,9.323,30.556,10.674,48,8,0,0
429,7.259,133.14,13.272,99.187,2.876,9.008,29.231,10.489,48,8,0,0
430,7.449,130.917,14.782,94.703,3.016,9.157,29.602,10.376,48,8,0,0
431,6.956,136.33,15.328,97.993,2.887,9.015,30.799,10.549,48,8,0,0
432,7.118,138.087,14.827,101.526,2.915,9.215,31.907,10.769,49,8,0,0
433,7.094,146.563,13.952,110.632,2.889,9.652,30.633,10.255,47,7,0,0
434,6.882,142.675,13.873,106.381,2.878,9.228,29.008,10.938,48,6,0,0
435,6.462,144.603,15.568,107.055,2.993,8.803,29.29,10.485,46,5,0,0
436,6.726,132.054,14.169,95.701,2.745,9.358,30.504,10.938,50,6,0,0
437,6.698,134.293,13.124,98.673,2.937,9.415,30.4,11.023,50,6,0,0
438,6.286,142.386,15.335,104.835,2.948,10.203,30.657,40.409,50,6,0,1
439,6.841,148.157,16.301,108.944,2.993,8.989,27.534,10.263,48,7,0,1
440,7.051,133.988,15.003,96.179,3.203,9.412,29.45,10.724,52,6,0,1
441,6.961,142.492,13.325,104.43,3.578,9.31,30.872,12.641,53,7,0,1
442,7.457,133.717,14.622,96.479,3.047,10.026,30.624,10.821,53,8,0,0
443,7.381,138.097,15.165,100.554,2.969,10.156,29.011,11.025,54,8,0,0
444,7.152,142.964,15.344,104.193,3.954,10.42,30.401,10.925,53,9,0,0
445,6.676,137.431,13.848,100.417,3.758,9.101,31.433,11.594,51,7,0,0
446,6.603,135.887,16.142,97.413,3.085,9.574,27.853,11.633,52,6,0,0
447,6.678,140.419,15.371,102.338,3.096,9.327,29.133,10.955,52,6,0,0
448,7.262,135.018,14.126,98.15,3.347,9.675,29.631,10.681,52,6,0,1
449,6.785,135.813,13.098,100.69,2.963,9.04,30.406,10.184,50,8,0,1
450,7.085,142.227,17.708,100.402,3.941,10.027,30.16,11.013,50,8,0,0
451,7.218,138.649,15.899,100.561,3.119,9.13,31.433,10.675,49,8,0,0
452,7.229,133.151,15.827,96.119,2.788,9.432,27.116,10.864,48,7,0,0
453,6.87,134.458,13.47,98.772,3.035,9.379,28.475,10.882,50,7,0,0
454,7.106,134.557,13.965,97.773,3.158,9.372,28.416,11.038,50,8,0,0
455,6.503,136.13,14.972,101.271,2.616,9.188,30.083,11.06,51,8,0,0
456,6.119,140.656,14.628,103.39,2.996,9.982,30.022,11.912,52,9,0,0
457,6.851,135.704,13.064,99.81,2.933,10.756,32.475,12.016,54,9,0,0
458,7.293,138.902,14.045,100.927,3.018,9.965,28.332,11.084,52,9,0,0
459,7.254,138.537,16.342,98.679,2.977,10.168,28.747,12.39,54,9,0,1
460,7.298,152.15,16.403,109.325,3.714,10.556,25.997,12.167,58,9,0,1
461,6.4,172.649,14.603,132.668,3.785,11.319,36.261,12.716,57,10,0,1
462,7.435,141.779,15.241,102.749,3.601,10.638,32.116,12.735,57,9,0,1
463,5.982,142.483,16.417,101.829,3.608,10.928,30.416,12.365,56,8,0,1
464,7.047,132.962,14.636,96.018,2.95,10.329,31.045,12.064,55,9,0,1
465,6.764,136.595,13.287,99.782,3.003,10.084,31.66,12.441,55,9,0,1
466,9.038,148.805,17.913,109.197,2.802,9.151,27.631,11.437,51,8,0,1
467,7.149,136.875,14.967,98.578,3.404,9.559,29.921,12.277,54,8,0,1
468,7.205,138.244,17.196,98.275,3.186,9.921,34.637,13.946,54,8,0,1
469,6.687,136.997,13.537,99.486,3.687,10.41,31.825,37.813,53,8,0,2
470,6.986,137.846,15.638,97.387,3.608,10.644,28.645,14.291,53,8,0,2
471,6.742,138.864,15.623,100.268,3.016,9.933,31.073,13.36,54,9,0,3
472,7.261,133.483,14.465,94.921,3.139,10.097,29.778,12.225,53,8,0,3
473,7.328,135.95,13.752,100.406,2.893,9.143,28.357,12.022,50,6,0,3
474,7.068,136.169,14.669,98.646,3.07,9.498,30.334,11.365,50,7,0,2
475,6.43,152.924,15.942,112.537,3.632,9.834,30.356,10.726,49,6,0,2
476,6.736,138.402,14.734,99.623,3.75,9.419,29.352,12.488,48,5,0,2
477,7.115,139.416,14.996,102.355,2.906,9.069,29.487,12.061,48,5,0,2
478,7.352,131.231,14.218,95.046,2.943,8.564,30.304,10.701,45,5,0,2
479,6.536,167.355,15.284,130.58,3.019,8.652,29.56,12.261,46,4,0,3
480,6.975,148.58,15.335,109.896,2.908,11.053,29.414,35.547,51,6,0,2
481,6.634,139.72,13.582,104.211,2.886,8.71,31.957,10.519,47,7,0,2
482,6.974,134.649,14.927,97.263,2.97,10.254,27.876,11.369,52,6,0,2
483,7.276,139.197,14.607,101.704,2.925,9.456,28.151,11.339,52,8,0,2
484,6.529,150.53,17.513,108.09,4.185,9.679,29.339,10.494,52,10,0,3
485,6.754,149.508,16.41,110.247,3.557,9.339,28.934,11.528,52,8,0,2
486,6.632,159.567,16.468,117.416,4.152,9.743,31.326,11.331,48,7,0,1
487,6.823,151.982,13.522,114.151,4.357,9.011,30.115,10.816,46,6,0,0
488,6.475,147.041,15.524,107.323,3.74,8.825,30.297,9.774,46,5,0,1
489,6.559,147.807,16.633,107.315,3.762,11.246,29.128,11.022,51,8,0,2
490,6.849,145.603,15.026,105.502,3.925,9.615,33.436,11.174,50,6,0,1
491,6.721,153.855,14.634,113.199,3.989,10.434,29.657,10.136,51,5,0,1
492,6.542,143.058,14.047,104.517,3.853,9.31,30.202,11.461,49,5,0,0
493,6.812,149.506,16.71,108.624,3.8,9.581,31.673,11.1,47,6,0,1
494,7.059,152.507,17.818,109.506,4.57,9.742,29.674,10.914,47,6,0,1
495,6.693,152.371,17.565,110.183,4.036,9.259,29.44,12.28,47,4,0,0
496,6.698,139.745,15.236,102.181,3.622,8.696,28.842,10.988,46,3,0,1
497,6.298,144.183,15.971,104.708,3.431,8.814,29.851,11.569,44,3,0,1
498,7.355,148.435,16.455,108.328,3.351,9.296,30.825,10.964,45,5,0,1
499,6.528,145.33,13.907,107.547,3.454,10.6,30.219,10.424,45,5,0,1
500,6.68,148.811,14.865,109.164,3.517,9.988,28.704,10.144,48,6,0,2
501,7.496,156.375,19.086,113.618,3.389,9.318,32.869,11.198,48,7,0,2
502,7.331,151.922,16.191,109.166,4.454,10.352,32.885,10.827,49,6,0,2
503,7.78,154.021,16.106,112.039,3.921,11.191,31.974,12.026,53,9,0,4
504,7.431,159.248,18.117,115.772,3.784,12.651,31.499,11.593,53,8,0,3
505,8.014,151.778,17.13,109.747,3.47,10.141,32.784,10.715,50,7,0,1
506,6.515,147.925,17.946,105.253,3.449,9.812,28.468,10.283,48,6,0,1
507,7.446,142.347,15.542,103.054,3.567,8.898,30.914,10.224,47,6,0,1
508,6.525,138.201,14.353,99.798,3.61,10.132,31.444,10.881,46,6,0,1
509,7.228,140.534,16.505,99.782,3.992,9.535,30.697,11.095,47,5,0,1
510,7.09,141.926,17.85,100.009,3.471,9.2,31.018,11.719,48,6,0,3
511,7.051,142.943,16.494,102.254,3.392,9.769,30.985,11.395,49,6,0,2
512,7.266,139.106,15.58,99.775,3.961,9.38,31.446,11.486,47,6,0,2
513,6.966,144.582,15.986,104.343,3.315,9.075,30.89,10.702,43,7,0,2
514,7.074,143.188,15.122,103.051,3.837,10.586,30.5,11.474,49,8,0,2
515,7.337,139.742,15.991,100.014,3.327,9.437,29.709,12.12,48,8,0,2
516,7.134,139.819,15.752,99.314,3.718,10.168,32.103,11.426,48,8,0,2
517,7.293,140.995,15.896,100.477,3.326,9.481,31.75,10.377,48,8,0,2
518,6.841,138.101,15.699,98.775,3.371,9.589,29.812,12.615,50,8,0,2
519,7.194,138.995,14.021,101.694,3.283,9.663,33.08,12.345,49,7,0,2
520,6.905,135.559,15.606,98.088,2.678,9.022,29.949,10.674,48,8,0,2
521,7.15,137.898,16.356,99.367,2.927,9.183,30.821,10.921,49,8,0,2
522,6.734,136.073,14.769,98.056,2.929,9.181,30.085,10.734,50,7,0,2
523,7.277,136.171,13.525,99.367,2.985,9.552,30.053,35.357,51,6,0,3
524,7.394,142.721,13.955,106.377,3.126,9.363,30.855,11.319,49,6,0,2
525,7.28,134.592,16.733,96.708,2.846,8.47,28.945,10.567,46,6,0,1
526,7.037,136.628,15.019,99.654,2.894,8.348,29.638,10.486,43,5,0,2
527,6.646,140.548,13.431,104.832,3.049,8.213,29.12,10.488,44,5,0,2
528,7.257,134.505,14.861,97.145,2.99,8.17,30.367,10.524,45,7,0,1
529,7.087,143.093,16.899,104.079,2.93,8.716,31.9,11.611,46,7,0,0
530,6.895,131.521,13.691,96.594,2.999,8.689,27.267,12.692,46,7,0,1
531,6.769,135.041,13.366,99.788,2.974,8.054,29.655,10.202,44,7,0,0
532,7.282,132.511,15.095,94.967,3.5,8.228,30.672,11.64,46,7,0,0
533,7.266,142.012,15.478,100.267,3.245,11.89,29.076,11.619,46,7,0,1
534,7.094,138.995,18.062,97.554,3.015,9.761,29.735,11.258,50,8,0,2
535,6.271,136.362,13.257,100.417,2.74,10.107,30.529,11.191,51,8,0,2
536,6.953,135.783,15.154,97.41,2.99,10.541,30.472,11.067,52,8,0,2
537,7.218,136.304,15.503,97.183,2.911,9.71,28.841,11.388,53,8,0,2
538,6.473,134.75,13.911,97.353,2.987,9.721,29.447,11.341,52,9,0,2
539,7.238,138.981,13.373,102.559,2.878,8.849,29.716,11.2,47,8,0,2
540,7.322,139.926,17.921,99.871,2.918,8.663,30.445,10.964,46,7,0,1
541,7.246,141.035,15.859,102.925,2.941,8.118,31.829,11.181,45,7,0,1
542,6.992,132.898,14.112,96.311,2.94,9.097,28.171,12.237,47,7,0,1
543,7.273,134.322,13.216,98.428,3.088,8.449,28.774,10.947,46,7,0,1
544,7.086,136.753,14.433,99.644,2.753,9.706,31.92,11.514,51,9,0,3
545,7.25,137.093,13.867,99.999,2.934,10.399,29.069,11.998,53,10,0,2
546,7.283,134.948,15.289,96.303,3.027,8.945,29.177,11.258,49,10,0,2
547,7.017,137.311,12.985,101.341,2.993,8.973,29.459,35.285,48,9,0,2
548,6.772,133.771,14.771,97.319,3.018,8.961,33.483,10.959,50,8,0,2
549,7.046,138.778,15.905,100.551,3.05,9.591,28.285,11.07,51,8,0,2
550,7.268,135.571,15.12,97.732,2.977,9.16,27.599,11.895,50,8,0,2
551,7.236,136.012,13.936,99.37,3.0,9.515,29.314,11.978,51,7,0,2
552,7.255,136.159,14.12,99.911,2.938,9.12,31.908,11.986,50,7,0,2
553,6.946,136.28,15.949,97.341,2.912,8.904,32.774,11.668,49,7,0,1
554,7.305,133.074,14.601,95.937,2.866,9.003,28.49,11.653,49,7,0,1
555,7.303,138.369,13.009,102.897,2.965,9.073,28.828,10.724,49,7,0,2
556,7.216,132.867,15.563,94.37,2.946,9.25,30.301,11.398,50,8,0,2
557,6.932,135.699,15.668,97.717,2.903,9.188,29.378,12.892,51,8,0,2
558,6.658,135.282,13.947,99.061,2.922,8.81,30.129,13.453,48,7,0,1
559,8.868,137.064,13.384,101.266,3.034,9.539,28.844,35.823,49,6,0,1
560,6.868,138.459,14.815,100.846,2.885,8.911,31.474,12.026,48,5,0,0
561,6.768,139.418,15.687,100.898,2.769,8.841,27.818,11.554,48,7,0,0
562,7.922,151.482,15.59,112.963,3.165,8.943,29.623,10.788,47,6,0,0
563,7.29,136.322,14.888,101.037,2.736,8.722,28.55,33.694,48,6,1,0
564,6.776,138.597,15.218,101.826,3.101,8.123,30.305,11.246,45,6,0,0
565,6.92,152.587,15.9,113.406,3.209,9.085,31.082,11.899,47,6,0,0
566,7.316,152.416,15.933,112.429,3.982,9.079,29.692,11.327,47,7,0,0
567,6.483,157.171,16.015,115.719,4.406,8.918,29.577,11.616,47,6,0,0
568,6.593,141.608,16.939,100.419,3.99,9.986,32.071,12.714,49,6,0,1
569,7.412,150.311,14.869,110.78,4.196,9.917,29.071,11.022,50,8,0,1
570,6.779,141.633,15.764,101.079,3.849,10.553,29.175,11.432,50,6,0,2
571,6.554,142.908,15.614,103.51,3.991,8.76,31.703,12.683,48,7,0,1
572,6.237,146.085,17.942,102.173,4.173,10.412,31.678,12.116,49,8,0,1
573,7.96,143.972,15.888,101.856,4.075,9.921,28.971,11.451,48,7,0,1
574,6.744,144.902,18.151,101.986,4.032,10.124,31.624,13.028,48,6,0,1
575,6.676,141.661,15.654,102.352,3.515,8.811,27.889,11.338,47,6,0,0
576,6.206,165.955,16.396,119.284,7.258,9.984,31.389,11.838,48,6,0,0
577,9.28,153.592,15.852,113.468,3.991,9.296,33.621,12.745,48,5,0,0
578,6.308,160.199,14.564,120.444,3.693,8.71,28.529,12.397,43,3,0,0
579,7.236,142.135,17.717,99.917,3.806,9.349,29.604,11.144,46,4,0,0
580,7.044,148.518,14.752,107.105,4.264,10.288,29.745,11.521,48,4,0,0
581,6.573,138.142,15.507,99.596,3.157,9.391,29.656,11.546,47,3,0,0
582,6.05,139.566,13.695,103.314,2.934,8.744,28.526,10.78,47,4,0,0
583,6.408,139.957,17.144,100.001,3.138,8.89,28.051,11.694,47,6,0,0
584,6.599,138.074,13.86,102.34,2.581,8.541,28.007,10.398,47,6,0,0
585,6.706,133.956,14.807,98.197,2.782,8.561,29.1,11.957,45,5,0,0
586,7.011,134.052,13.668,100.039,2.966,7.237,28.473,11.059,41,3,0,0
587,6.606,140.145,16.736,101.112,3.539,9.087,28.674,11.588,45,5,0,0
588,6.645,140.593,14.922,101.847,3.761,9.039,29.646,12.101,44,4,0,0
589,7.34,139.685,17.075,98.789,3.219,8.228,31.729,10.732,44,6,0,1
590,7.238,137.575,13.582,101.229,3.791,7.95,30.18,10.119,44,8,0,1
591,6.403,137.486,17.39,98.443,3.628,7.942,26.464,10.896,43,8,0,0
592,6.437,135.234,14.568,99.818,3.481,7.164,26.416,10.495,43,8,0,0
593,5.88,148.932,15.46,108.06,4.009,9.053,28.683,12.125,46,7,0,0
594,6.284,144.354,14.92,106.676,3.467,8.41,31.916,11.895,43,6,0,0
595,7.14,141.221,17.819,99.953,3.275,9.305,30.311,11.619,48,7,0,0
596,6.987,139.386,14.861,102.421,3.701,8.957,28.476,11.53,46,7,0,0
597,7.044,136.567,15.31,98.157,4.265,8.581,29.47,11.601,44,7,0,0
598,6.963,138.349,13.824,103.559,3.088,7.676,29.79,10.817,41,7,0,0
599,7.062,145.825,16.405,108.288,2.634,8.014,27.672,10.764,43,5,0,0
600,6.903,133.879,13.706,99.695,2.892,8.2,29.537,12.309,42,5,0,0
601,7.675,167.863,32.217,112.727,4.435,8.261,31.342,12.167,42,5,0,0
602,7.348,147.053,14.534,110.949,3.632,8.226,28.826,10.2,41,4,0,0
603,6.16,154.154,17.609,113.055,4.178,9.519,27.903,11.035,40,4,0,0
604,7.183,150.249,18.121,105.94,6.557,9.822,30.179,32.994,42,6,0,1
605,6.665,151.021,15.817,111.26,4.121,9.306,30.503,9.942,42,6,0,1
606,7.005,148.466,15.175,109.919,3.363,8.709,32.432,10.959,41,6,0,0
607,7.401,143.681,17.423,103.689,3.438,7.558,27.204,9.671,41,6,0,0
608,6.214,155.886,14.042,118.127,4.062,8.358,29.152,10.733,43,6,0,0
609,6.704,143.279,13.878,107.459,3.23,8.097,28.686,11.712,42,5,0,0
610,6.466,140.228,14.144,103.369,3.997,8.049,27.863,11.701,41,5,0,0
611,6.608,144.447,15.542,106.632,4.112,7.297,27.816,9.669,39,5,0,0
612,6.915,140.718,14.787,102.577,4.077,8.048,29.751,10.781,40,4,0,0
613,6.732,142.836,17.448,103.358,3.561,8.034,30.552,11.647,41,4,0,0
614,6.625,153.495,15.845,112.359,4.645,8.804,30.026,11.74,41,4,0,0
615,6.846,152.916,17.598,111.769,4.313,8.425,27.129,11.876,40,4,0,0
616,7.995,153.713,16.89,114.208,4.058,8.307,30.139,11.657,39,4,0,0
617,6.621,161.524,18.525,117.276,4.517,8.405,30.322,11.227,39,3,0,0
618,6.487,153.294,15.662,113.756,4.613,8.62,29.17,11.23,40,2,0,0
619,7.439,149.362,15.679,109.665,4.323,8.793,28.046,12.008,41,3,0,0
620,6.589,159.65,16.015,120.197,4.276,8.405,30.606,11.725,39,2,0,0
621,6.469,150.394,17.287,109.183,4.016,7.924,26.891,11.377,39,2,0,0
622,6.566,162.787,15.448,122.814,4.213,8.392,29.117,10.713,41,4,0,0
623,6.42,166.538,16.935,126.203,4.085,9.404,30.121,11.415,42,5,0,1
624,6.763,154.912,15.551,114.973,4.466,9.05,29.703,13.188,42,5,0,1
625,6.981,156.3,17.175,114.0,4.317,9.488,31.047,12.902,40,4,0,0
